"date","price","open","Max","Min","volume","change"
"29.04.2022","2.608,00","2.965,00","3.030,00","2.557,00","628,68K","-3,41%"
"28.04.2022","2.700,00","2.554,50","2.950,00","2.500,00","1,27M","7,14%"
"27.04.2022","2.520,00","2.092,50","2.690,50","2.030,00","778,72K","21,56%"
"26.04.2022","2.073,00","1.880,00","2.138,00","1.870,00","424,63K","8,65%"
"25.04.2022","1.908,00","2.185,00","2.228,50","1.908,00","458,35K","-15,95%"
"22.04.2022","2.270,00","2.519,50","2.560,00","2.260,00","320,23K","-8,65%"
"21.04.2022","2.485,00","2.595,00","2.648,00","2.455,50","204,09K","-4,05%"
"20.04.2022","2.590,00","2.506,00","2.775,00","2.424,00","442,03K","1,97%"
"19.04.2022","2.540,00","2.731,00","2.731,00","2.350,50","635,17K","-6,69%"
"18.04.2022","2.722,00","3.002,00","3.069,00","2.710,00","250,73K","-9,05%"
"15.04.2022","2.993,00","3.009,00","3.030,00","2.901,00","138,52K","-0,56%"
"14.04.2022","3.010,00","3.200,00","3.200,00","2.985,00","199,86K","-5,11%"
"13.04.2022","3.172,00","3.260,00","3.260,00","3.139,00","91,97K","-1,40%"
"12.04.2022","3.217,00","3.279,00","3.309,00","3.062,50","178,58K","-1,59%"
"11.04.2022","3.269,00","3.280,00","3.434,50","3.215,00","165,82K","-0,17%"
"08.04.2022","3.274,50","3.460,00","3.548,00","3.151,00","322,99K","-5,63%"
"07.04.2022","3.470,00","3.505,00","3.594,50","3.450,00","226,81K","-0,86%"
"06.04.2022","3.500,00","3.605,00","3.623,00","3.430,00","243,50K","-2,80%"
"05.04.2022","3.601,00","3.748,50","3.791,00","3.360,00","492,91K","-1,72%"
"04.04.2022","3.664,00","3.600,00","3.812,00","3.312,50","661,39K","4,70%"
"01.04.2022","3.499,50","3.350,00","3.678,00","3.331,50","763,96K","5,45%"
"31.03.2022","3.318,50","3.002,00","3.393,50","2.930,00","742,48K","11,36%"
"30.03.2022","2.980,00","3.100,00","3.180,00","2.900,50","362,14K","-0,33%"
"29.03.2022","2.990,00","3.140,00","3.649,50","2.867,50","771,38K","-2,11%"
"25.02.2022","3.054,50","2.664,00","3.852,50","2.559,00","2,80M","0,49%"
"24.02.2022","3.039,50","4.059,50","4.059,50","1.732,50","2,69M","-32,28%"
"22.02.2022","4.488,50","4.400,00","4.615,50","4.007,50","2,79M","0,30%"
"21.02.2022","4.475,00","4.850,00","5.110,00","4.351,00","2,86M","-7,19%"
"18.02.2022","4.821,50","5.151,00","5.294,00","4.663,50","1,52M","-6,32%"
"17.02.2022","5.147,00","5.490,00","5.497,50","5.108,00","1,12M","-6,22%"
"16.02.2022","5.488,50","5.550,00","5.690,00","5.355,00","1,45M","-0,56%"
"15.02.2022","5.519,50","5.235,50","5.645,00","5.232,00","1,80M","5,68%"
"14.02.2022","5.223,00","5.260,00","5.498,00","4.920,00","1,64M","-1,72%"
"11.02.2022","5.314,50","5.810,00","5.958,00","5.309,00","1,62M","-9,10%"
"10.02.2022","5.846,50","5.702,00","6.058,00","5.442,00","1,73M","2,61%"
"09.02.2022","5.698,00","5.067,00","5.741,00","5.035,00","1,51M","12,44%"
"08.02.2022","5.067,50","5.035,00","5.095,00","4.879,50","600,68K","1,25%"
"07.02.2022","5.005,00","5.209,60","5.262,00","4.973,00","389,57K","-3,46%"
"04.02.2022","5.184,60","5.271,60","5.396,60","5.082,60","548,84K","-0,96%"
"03.02.2022","5.235,00","5.503,60","5.565,00","5.117,60","663,01K","-5,74%"
"02.02.2022","5.554,00","5.680,00","5.717,60","5.470,60","555,37K","-1,96%"
"01.02.2022","5.665,00","5.590,00","5.718,00","5.525,00","702,71K","1,40%"
"31.01.2022","5.587,00","5.477,00","5.649,80","5.465,00","631,40K","3,06%"
"28.01.2022","5.421,20","5.440,00","5.749,60","5.329,00","1,21M","0,39%"
"27.01.2022","5.400,00","5.080,00","5.524,80","4.962,40","1,30M","6,09%"
"26.01.2022","5.089,80","4.980,00","5.247,00","4.773,00","1,17M","2,78%"
"25.01.2022","4.952,00","4.615,00","5.013,00","4.486,00","1,23M","7,65%"
"24.01.2022","4.600,00","4.826,00","4.960,00","4.390,00","1,05M","-4,72%"
"21.01.2022","4.828,00","4.819,00","4.989,60","4.720,00","724,57K","0,11%"
"20.01.2022","4.822,80","4.650,00","5.016,00","4.511,80","1,18M","3,72%"
"19.01.2022","4.650,00","4.733,00","4.952,00","4.403,60","2,27M","-1,48%"
"18.01.2022","4.720,00","5.307,00","5.307,80","4.636,80","1,50M","-10,86%"
"17.01.2022","5.295,00","5.520,00","5.625,00","5.045,40","1,15M","-3,90%"
"14.01.2022","5.509,80","5.832,60","5.926,20","5.299,60","1,47M","-5,54%"
"13.01.2022","5.832,80","6.192,00","6.240,00","5.666,00","911,43K","-5,81%"
"12.01.2022","6.192,80","5.960,00","6.222,40","5.893,00","471,80K","4,17%"
"11.01.2022","5.945,00","5.839,00","6.027,40","5.794,60","358,10K","1,97%"
"10.01.2022","5.830,00","5.760,00","5.902,00","5.737,00","315,68K","0,49%"
"06.01.2022","5.801,60","5.810,00","5.984,80","5.712,40","535,26K","-0,06%"
"05.01.2022","5.805,00","6.279,60","6.280,00","5.805,00","392,15K","-7,34%"
"04.01.2022","6.264,60","6.400,00","6.480,80","6.202,00","407,07K","-1,57%"
"03.01.2022","6.364,40","6.148,00","6.382,40","6.112,40","249,58K","4,03%"
"30.12.2021","6.118,00","5.940,00","6.162,60","5.902,60","406,76K","2,64%"
"29.12.2021","5.960,80","6.099,80","6.146,00","5.880,00","345,23K","-2,27%"
"28.12.2021","6.099,00","6.013,20","6.209,80","5.953,00","286,37K","1,43%"
"27.12.2021","6.013,20","5.991,60","6.095,80","5.926,40","190,71K","0,36%"
"24.12.2021","5.991,80","5.989,40","6.030,00","5.855,00","164,13K","0,32%"
"23.12.2021","5.972,80","5.965,00","6.035,00","5.870,00","241,22K","0,21%"
"22.12.2021","5.960,00","6.129,80","6.159,80","5.960,00","365,02K","-2,38%"
"21.12.2021","6.105,00","6.014,00","6.274,00","5.985,00","430,63K","1,64%"
"20.12.2021","6.006,20","6.097,80","6.138,80","5.830,00","277,11K","-1,84%"
"17.12.2021","6.119,00","6.149,40","6.186,20","6.020,00","355,21K","0,10%"
"16.12.2021","6.112,60","6.170,00","6.300,00","5.980,00","768,51K","-0,45%"
"15.12.2021","6.140,20","5.982,40","6.186,00","5.866,00","349,96K","2,85%"
"14.12.2021","5.970,00","5.890,00","6.047,80","5.400,60","663,53K","0,85%"
"13.12.2021","5.919,80","6.330,00","6.444,80","5.870,00","730,86K","-6,19%"
"10.12.2021","6.310,20","6.360,00","6.392,00","6.113,20","432,56K","-0,19%"
"09.12.2021","6.322,40","6.212,00","6.523,00","6.020,00","671,40K","1,23%"
"08.12.2021","6.245,40","6.599,80","6.750,00","6.141,00","829,89K","-4,84%"
"07.12.2021","6.563,00","6.659,00","6.913,00","6.315,00","992,20K","-1,74%"
"06.12.2021","6.679,00","7.351,80","7.407,60","6.629,40","612,95K","-8,60%"
"03.12.2021","7.307,60","7.271,00","7.405,00","7.220,00","341,41K","1,19%"
"02.12.2021","7.222,00","7.477,00","7.519,60","7.175,40","366,24K","-1,85%"
"01.12.2021","7.358,00","7.255,40","7.542,20","7.175,00","789,46K","3,43%"
"30.11.2021","7.114,00","6.741,00","7.245,00","6.529,00","976,95K","2,53%"
"29.11.2021","6.938,20","6.950,00","7.098,80","6.814,20","437,63K","1,87%"
"26.11.2021","6.811,00","7.000,00","7.150,00","6.780,20","556,61K","-6,21%"
"25.11.2021","7.262,00","6.935,20","7.324,60","6.903,60","573,42K","5,43%"
"24.11.2021","6.888,00","7.071,00","7.355,80","6.827,00","864,51K","-2,27%"
"23.11.2021","7.048,00","6.600,00","7.050,00","6.308,20","1,19M","6,53%"
"22.11.2021","6.615,80","7.075,00","7.150,00","6.537,60","869,73K","-6,75%"
"19.11.2021","7.094,40","7.420,00","7.480,00","7.032,20","517,13K","-3,90%"
"18.11.2021","7.382,00","7.225,00","7.460,00","7.150,00","370,29K","1,93%"
"17.11.2021","7.242,20","7.450,00","7.450,00","7.217,00","447,99K","-2,07%"
"16.11.2021","7.395,60","7.465,00","7.541,80","7.142,40","533,30K","-0,36%"
"15.11.2021","7.422,60","7.335,00","7.681,80","7.335,00","660,27K","1,21%"
"12.11.2021","7.334,00","7.559,00","7.559,00","7.230,00","421,72K","-2,32%"
"11.11.2021","7.508,00","7.670,00","7.780,00","7.312,00","760,77K","-1,91%"
"10.11.2021","7.654,20","7.983,60","8.180,00","7.605,00","538,75K","-4,13%"
"09.11.2021","7.983,60","8.400,00","8.474,20","7.876,60","398,13K","-4,33%"
"08.11.2021","8.345,00","8.005,00","8.518,40","8.005,00","508,18K","3,99%"
"05.11.2021","8.025,00","7.900,00","8.040,20","7.760,00","281,55K","2,19%"
"03.11.2021","7.852,80","7.899,00","7.944,00","7.702,00","211,38K","-0,18%"
"02.11.2021","7.867,00","7.824,80","7.970,00","7.700,00","318,54K","0,98%"
"01.11.2021","7.790,80","7.324,80","7.816,00","7.304,20","413,40K","6,58%"
"29.10.2021","7.310,00","7.469,00","7.469,00","7.185,40","216,21K","-1,17%"
"28.10.2021","7.396,80","7.268,00","7.420,00","7.208,00","301,51K","1,77%"
"27.10.2021","7.268,00","7.347,80","7.449,20","7.067,00","400,78K","-0,58%"
"26.10.2021","7.310,20","7.648,80","7.648,80","7.300,00","272,76K","-3,81%"
"25.10.2021","7.600,00","7.660,00","7.754,00","7.500,00","201,95K","-0,78%"
"22.10.2021","7.660,00","7.860,60","7.909,80","7.642,40","180,09K","-2,46%"
"21.10.2021","7.853,00","7.858,20","7.924,20","7.815,20","194,66K","0,37%"
"20.10.2021","7.824,40","7.847,80","7.944,00","7.770,00","322,99K","0,25%"
"19.10.2021","7.805,00","7.728,00","7.836,60","7.485,20","281,27K","1,05%"
"18.10.2021","7.724,00","7.849,80","7.945,20","7.700,20","293,83K","-1,23%"
"15.10.2021","7.820,20","7.820,00","7.893,80","7.678,60","248,44K","0,68%"
"14.10.2021","7.767,60","7.644,00","7.924,60","7.542,20","550,16K","2,07%"
"13.10.2021","7.610,40","7.360,00","7.677,60","7.290,00","720,13K","3,81%"
"12.10.2021","7.331,40","7.197,80","7.361,00","7.132,80","332,12K","1,74%"
"11.10.2021","7.206,00","7.170,00","7.225,00","7.051,00","226,79K","0,71%"
"08.10.2021","7.155,00","7.158,00","7.244,40","7.063,20","272,13K","0,21%"
"07.10.2021","7.140,00","7.000,00","7.236,00","6.996,00","410,18K","2,20%"
"06.10.2021","6.986,20","6.890,00","7.011,20","6.783,80","509,51K","2,21%"
"05.10.2021","6.835,00","6.690,00","6.884,80","6.660,00","295,81K","2,52%"
"04.10.2021","6.667,20","6.788,00","6.943,00","6.650,00","425,39K","-1,64%"
"01.10.2021","6.778,60","6.654,00","6.822,00","6.572,20","390,89K","2,27%"
"30.09.2021","6.628,40","6.404,00","6.689,00","6.332,00","435,23K","3,54%"
"29.09.2021","6.402,00","6.173,00","6.423,80","6.173,00","256,95K","3,30%"
"28.09.2021","6.197,20","6.468,00","6.471,00","6.170,00","363,34K","-3,91%"
"27.09.2021","6.449,40","6.599,00","6.614,20","6.402,80","242,40K","-1,76%"
"24.09.2021","6.565,00","6.715,20","6.721,40","6.505,80","176,68K","-1,91%"
"23.09.2021","6.693,00","6.733,40","6.737,80","6.643,40","91,51K","0,18%"
"22.09.2021","6.681,00","6.680,00","6.778,40","6.631,00","206,87K","-0,09%"
"21.09.2021","6.687,00","6.747,60","6.750,00","6.590,20","225,81K","-0,57%"
"20.09.2021","6.725,00","6.750,00","6.827,20","6.560,20","281,91K","-0,22%"
"17.09.2021","6.740,00","6.550,20","6.800,00","6.550,00","381,21K","2,85%"
"16.09.2021","6.553,00","6.497,00","6.634,00","6.369,00","484,40K","1,02%"
"15.09.2021","6.486,80","6.666,80","6.679,80","6.412,00","379,94K","-2,27%"
"14.09.2021","6.637,20","6.800,00","6.830,00","6.530,00","271,04K","-2,31%"
"13.09.2021","6.794,00","6.850,00","6.856,00","6.642,40","268,20K","-0,14%"
"10.09.2021","6.803,20","6.792,60","6.880,60","6.739,40","199,30K","0,76%"
"09.09.2021","6.752,20","6.696,00","6.854,00","6.578,40","320,67K","0,74%"
"08.09.2021","6.702,80","6.940,00","6.940,00","6.660,40","336,07K","-2,82%"
"07.09.2021","6.897,00","6.999,60","7.037,00","6.863,20","235,81K","-0,92%"
"06.09.2021","6.961,20","7.039,60","7.083,40","6.863,60","276,96K","-0,55%"
"03.09.2021","6.999,40","6.980,00","7.072,20","6.890,60","500,94K","0,19%"
"02.09.2021","6.986,00","6.890,00","7.021,20","6.716,00","503,35K","1,40%"
"01.09.2021","6.889,40","6.453,00","6.926,80","6.453,00","537,29K","6,78%"
"31.08.2021","6.452,20","6.580,00","6.631,40","6.416,00","481,35K","-2,25%"
"30.08.2021","6.600,80","6.667,60","6.725,00","6.564,60","238,84K","-0,49%"
"27.08.2021","6.633,00","6.830,40","6.830,40","6.475,60","532,55K","-2,56%"
"26.08.2021","6.807,00","7.034,40","7.065,00","6.666,00","385,88K","-2,83%"
"25.08.2021","7.005,40","7.001,80","7.130,00","6.964,20","156,16K","-0,34%"
"24.08.2021","7.029,00","7.043,20","7.083,40","6.906,20","216,20K","0,37%"
"23.08.2021","7.003,20","6.897,00","7.056,00","6.874,40","207,03K","2,32%"
"20.08.2021","6.844,40","7.023,20","7.080,00","6.771,80","288,38K","-1,99%"
"19.08.2021","6.983,40","7.186,20","7.329,60","6.843,40","436,47K","-3,18%"
"18.08.2021","7.213,00","7.468,80","7.499,00","7.120,00","382,80K","-2,97%"
"17.08.2021","7.433,80","7.223,00","7.436,00","7.188,00","339,42K","3,05%"
"16.08.2021","7.213,60","7.069,00","7.249,00","7.029,00","266,02K","2,36%"
"13.08.2021","7.047,00","7.016,00","7.059,80","6.988,80","85,19K","0,31%"
"12.08.2021","7.025,20","7.032,00","7.084,00","6.961,40","186,61K","-0,03%"
"11.08.2021","7.027,00","7.050,00","7.095,80","6.951,40","212,39K","-0,50%"
"10.08.2021","7.062,20","6.940,00","7.104,60","6.923,40","306,84K","1,98%"
"09.08.2021","6.925,00","6.750,00","6.983,20","6.702,00","305,60K","2,61%"
"06.08.2021","6.749,00","6.760,00","6.875,00","6.674,00","306,07K","0,03%"
"05.08.2021","6.747,20","6.569,00","6.761,80","6.524,60","338,00K","3,10%"
"04.08.2021","6.544,20","6.420,00","6.577,00","6.382,00","255,81K","1,99%"
"03.08.2021","6.416,60","6.150,00","6.449,20","6.127,00","273,24K","4,00%"
"02.08.2021","6.169,80","6.100,00","6.255,00","6.025,00","228,19K","0,92%"
"30.07.2021","6.113,80","6.364,40","6.368,00","5.970,00","367,43K","-3,83%"
"29.07.2021","6.357,00","6.314,00","6.400,00","6.250,00","345,23K","0,68%"
"28.07.2021","6.314,00","6.455,00","6.492,00","6.218,40","207,58K","-2,48%"
"27.07.2021","6.474,80","6.660,00","6.768,00","6.356,00","255,08K","-2,78%"
"26.07.2021","6.660,00","6.519,00","6.666,00","6.420,00","185,22K","2,10%"
"23.07.2021","6.523,20","6.525,00","6.557,80","6.461,40","129,99K","0,06%"
"22.07.2021","6.519,00","6.518,00","6.570,00","6.406,80","173,78K","0,60%"
"21.07.2021","6.480,00","6.430,40","6.565,00","6.410,40","195,95K","1,09%"
"20.07.2021","6.410,20","6.414,80","6.467,00","6.325,00","159,75K","0,49%"
"19.07.2021","6.379,00","6.400,00","6.495,00","6.250,00","211,25K","-0,51%"
"16.07.2021","6.412,00","6.397,20","6.591,00","6.330,20","342,80K","0,30%"
"15.07.2021","6.393,00","6.306,00","6.460,00","6.187,00","212,70K","1,38%"
"14.07.2021","6.306,00","6.519,40","6.539,80","6.112,40","551,87K","-3,39%"
"13.07.2021","6.527,40","6.810,00","6.828,00","6.455,00","392,33K","-3,96%"
"12.07.2021","6.796,60","6.657,40","6.802,60","6.626,80","250,57K","2,59%"
"09.07.2021","6.625,00","6.694,80","6.720,60","6.568,20","178,08K","-0,72%"
"08.07.2021","6.673,00","6.719,40","6.719,40","6.551,20","237,21K","-0,11%"
"07.07.2021","6.680,60","6.753,00","6.891,00","6.621,00","315,66K","-1,21%"
"06.07.2021","6.762,20","6.640,00","6.991,00","6.567,20","659,02K","1,99%"
"05.07.2021","6.630,00","6.383,20","6.644,00","6.383,20","226,12K","3,87%"
"02.07.2021","6.383,20","6.302,00","6.443,20","6.300,80","234,66K","0,57%"
"01.07.2021","6.347,00","6.439,40","6.439,40","6.271,00","249,46K","-1,15%"
"30.06.2021","6.421,00","6.170,00","6.479,00","6.170,00","350,05K","3,40%"
"29.06.2021","6.210,00","6.175,00","6.265,00","6.161,00","185,90K","0,57%"
"28.06.2021","6.174,80","6.136,00","6.317,80","6.075,40","359,98K","0,82%"
"25.06.2021","6.124,40","6.096,20","6.163,80","6.013,60","246,73K","-0,18%"
"24.06.2021","6.135,40","5.911,00","6.250,00","5.877,00","440,14K","4,18%"
"23.06.2021","5.889,00","5.844,00","5.971,60","5.703,00","263,80K","1,39%"
"22.06.2021","5.808,00","5.726,20","5.857,00","5.641,60","208,29K","1,39%"
"21.06.2021","5.728,60","5.745,00","5.773,40","5.672,20","192,58K","0,21%"
"18.06.2021","5.716,80","5.476,00","5.766,00","5.446,00","618,25K","5,09%"
"17.06.2021","5.440,00","5.470,00","5.480,00","5.354,00","294,16K","-0,33%"
"16.06.2021","5.458,20","5.532,20","5.566,20","5.402,00","243,29K","-1,34%"
"15.06.2021","5.532,20","5.736,40","5.769,20","5.501,20","289,08K","-3,49%"
"14.06.2021","5.732,20","5.700,00","5.846,40","5.625,00","301,86K","0,16%"
"11.06.2021","5.723,00","5.349,00","5.806,20","5.313,40","515,49K","7,39%"
"10.06.2021","5.329,00","5.298,00","5.375,00","5.234,60","201,01K","0,55%"
"09.06.2021","5.300,00","5.180,00","5.300,00","5.164,40","194,88K","2,71%"
"08.06.2021","5.160,00","5.194,20","5.273,60","5.115,00","152,55K","-1,34%"
"07.06.2021","5.230,00","5.316,80","5.365,00","5.162,40","233,03K","-1,48%"
"04.06.2021","5.308,40","5.200,00","5.328,00","4.986,20","584,24K","2,42%"
"03.06.2021","5.183,00","5.350,00","5.374,80","5.110,00","381,39K","-2,48%"
"02.06.2021","5.315,00","5.436,00","5.505,00","5.123,00","708,30K","-2,87%"
"01.06.2021","5.472,20","5.549,80","5.605,40","5.432,40","335,80K","-0,73%"
"31.05.2021","5.512,60","5.539,80","5.672,20","5.439,20","161,76K","0,39%"
"28.05.2021","5.491,00","5.540,00","5.574,00","5.422,20","523,52K","-0,38%"
"27.05.2021","5.512,00","5.108,40","5.669,80","5.084,40","1,16M","8,13%"
"26.05.2021","5.097,80","4.796,00","5.137,00","4.795,00","359,78K","6,00%"
"25.05.2021","4.809,20","4.742,00","4.820,00","4.742,00","141,91K","1,12%"
"24.05.2021","4.756,00","4.738,00","4.779,80","4.730,00","114,16K","0,55%"
"21.05.2021","4.730,20","4.678,00","4.769,80","4.654,40","189,66K","1,83%"
"20.05.2021","4.645,00","4.543,40","4.683,00","4.481,00","236,99K","1,51%"
"19.05.2021","4.575,80","4.669,20","4.692,60","4.515,60","216,12K","-1,32%"
"18.05.2021","4.636,80","4.593,20","4.675,80","4.565,40","175,72K","0,95%"
"17.05.2021","4.593,20","4.601,00","4.626,40","4.500,60","171,31K","-0,36%"
"14.05.2021","4.610,00","4.727,60","4.756,80","4.580,00","131,25K","-2,49%"
"13.05.2021","4.727,60","4.670,00","4.767,40","4.584,60","201,29K","1,51%"
"12.05.2021","4.657,40","4.846,00","4.871,80","4.635,20","365,54K","-3,88%"
"11.05.2021","4.845,60","4.807,20","4.878,00","4.685,80","294,90K","0,38%"
"10.05.2021","4.827,40","4.500,00","4.930,00","4.500,00","509,75K","6,71%"
"07.05.2021","4.523,80","4.537,20","4.548,00","4.454,20","152,95K","0,26%"
"06.05.2021","4.512,00","4.465,20","4.520,00","4.392,20","205,10K","1,28%"
"05.05.2021","4.454,80","4.450,20","4.470,00","4.405,00","149,75K","0,24%"
"04.05.2021","4.444,00","4.391,00","4.446,00","4.310,00","236,38K","1,89%"
"30.04.2021","4.361,40","4.327,80","4.440,00","4.260,00","304,56K","0,98%"
"29.04.2021","4.319,00","4.420,00","4.480,00","4.254,00","310,04K","-2,29%"
"28.04.2021","4.420,00","4.475,40","4.504,20","4.345,00","286,95K","-1,27%"
"27.04.2021","4.477,00","4.506,20","4.584,60","4.461,00","264,18K","-1,03%"
"26.04.2021","4.523,80","4.485,60","4.555,40","4.380,00","204,01K","1,36%"
"23.04.2021","4.463,20","4.378,00","4.521,80","4.363,00","260,61K","1,92%"
"22.04.2021","4.379,00","4.354,00","4.474,00","4.277,00","347,01K","0,56%"
"21.04.2021","4.354,80","4.424,60","4.425,00","4.248,20","516,39K","-1,60%"
"20.04.2021","4.425,40","4.560,00","4.648,20","4.350,00","467,52K","-2,96%"
"19.04.2021","4.560,60","4.611,20","4.648,00","4.509,60","179,51K","-0,61%"
"16.04.2021","4.588,80","4.379,00","4.643,00","4.312,40","339,83K","5,37%"
"15.04.2021","4.354,80","4.388,00","4.422,60","4.301,20","220,62K","-0,47%"
"14.04.2021","4.375,20","4.448,00","4.448,00","4.320,00","314,68K","-1,68%"
"13.04.2021","4.450,00","4.560,00","4.600,00","4.363,60","423,96K","-2,41%"
"12.04.2021","4.560,00","4.550,20","4.595,00","4.470,00","218,54K","0,03%"
"09.04.2021","4.558,80","4.523,60","4.675,40","4.518,00","236,50K","0,30%"
"08.04.2021","4.545,00","4.591,00","4.617,40","4.516,20","295,41K","-1,00%"
"07.04.2021","4.590,80","4.719,20","4.721,00","4.514,00","401,03K","-2,33%"
"06.04.2021","4.700,40","4.730,00","4.764,40","4.629,20","326,97K","-0,70%"
"05.04.2021","4.733,60","4.737,60","4.798,00","4.654,20","175,28K","0,80%"
"02.04.2021","4.696,20","4.596,00","4.788,00","4.521,20","195,69K","2,79%"
"01.04.2021","4.568,80","4.448,00","4.615,00","4.425,20","372,18K","2,99%"
"31.03.2021","4.436,00","4.515,00","4.538,00","4.382,00","258,13K","-0,88%"
"30.03.2021","4.475,20","4.328,20","4.589,00","4.322,60","350,35K","3,37%"
"29.03.2021","4.329,20","4.324,00","4.366,40","4.258,00","93,31K","-0,20%"
"26.03.2021","4.337,80","4.333,80","4.456,80","4.260,20","228,29K","-0,05%"
"25.03.2021","4.339,80","4.265,00","4.360,60","4.262,60","109,60K","1,17%"
"24.03.2021","4.289,60","4.260,00","4.360,00","4.240,00","197,68K","0,47%"
"23.03.2021","4.269,40","4.448,00","4.448,00","4.241,40","200,46K","-3,52%"
"22.03.2021","4.425,00","4.328,80","4.460,00","4.250,00","178,04K","2,62%"
"19.03.2021","4.312,00","4.299,80","4.342,20","4.201,00","283,65K","0,74%"
"18.03.2021","4.280,20","4.493,80","4.559,40","4.252,80","449,12K","-4,76%"
"17.03.2021","4.494,00","4.553,00","4.595,40","4.380,40","447,20K","-0,43%"
"16.03.2021","4.513,60","4.339,00","4.625,00","4.275,20","809,96K","4,54%"
"15.03.2021","4.317,40","4.415,00","4.444,80","4.251,00","569,06K","0,18%"
"12.03.2021","4.309,80","3.920,00","4.342,20","3.860,00","845,97K","10,28%"
"11.03.2021","3.908,20","3.780,00","3.945,00","3.615,80","565,41K","4,07%"
"10.03.2021","3.755,40","3.773,80","3.879,20","3.710,20","426,09K","0,20%"
"09.03.2021","3.747,80","3.760,00","3.857,80","3.676,40","460,27K","-1,50%"
"05.03.2021","3.805,00","3.741,20","3.911,80","3.682,80","443,58K","2,56%"
"04.03.2021","3.710,00","3.821,00","3.846,20","3.636,00","527,19K","-2,90%"
"03.03.2021","3.820,80","3.830,00","3.876,00","3.801,20","452,72K","-0,19%"
"02.03.2021","3.828,00","3.888,00","3.949,00","3.800,20","424,86K","-1,54%"
"01.03.2021","3.888,00","3.900,00","3.930,00","3.800,00","341,81K","0,80%"
"26.02.2021","3.857,00","3.860,00","4.030,00","3.742,40","6,95M","-1,10%"
"25.02.2021","3.899,80","3.824,80","3.970,20","3.766,00","1,23M","1,96%"
"24.02.2021","3.825,00","4.095,00","4.095,00","3.722,20","1,69M","-8,75%"
"22.02.2021","4.192,00","4.274,00","4.433,20","4.063,80","1,60M","-1,34%"
"20.02.2021","4.249,00","4.106,60","4.256,80","4.060,00","236,18K","4,66%"
"19.02.2021","4.060,00","3.850,00","4.094,80","3.776,00","1,05M","5,70%"
"18.02.2021","3.841,00","3.875,20","3.995,00","3.794,00","1,04M","-1,51%"
"17.02.2021","3.900,00","3.784,00","3.973,00","3.740,00","1,07M","3,77%"
"16.02.2021","3.758,40","3.599,80","3.776,00","3.543,20","603,44K","4,46%"
"15.02.2021","3.598,00","3.618,00","3.674,80","3.495,00","638,08K","1,10%"
"12.02.2021","3.559,00","3.492,80","3.560,00","3.458,80","453,71K","0,80%"
"11.02.2021","3.530,60","3.626,00","3.628,00","3.503,80","495,26K","-1,78%"
"10.02.2021","3.594,60","3.576,20","3.691,00","3.511,00","1,68M","3,45%"
"09.02.2021","3.474,60","3.429,60","3.495,00","3.300,20","671,00K","2,19%"
"08.02.2021","3.400,00","3.260,20","3.409,60","3.260,00","394,47K","4,46%"
"05.02.2021","3.254,80","3.208,00","3.278,60","3.174,00","252,35K","1,74%"
"04.02.2021","3.199,20","3.230,00","3.250,00","3.137,00","256,41K","-0,75%"
"03.02.2021","3.223,40","3.225,00","3.248,40","3.194,60","167,58K","-0,01%"
"02.02.2021","3.223,60","3.275,00","3.304,60","3.170,00","297,59K","-0,60%"
"01.02.2021","3.243,00","3.090,60","3.255,00","3.060,20","401,95K","4,92%"
"29.01.2021","3.090,80","3.031,00","3.145,00","3.014,00","438,64K","1,23%"
"28.01.2021","3.053,20","2.990,20","3.085,20","2.884,60","329,56K","0,99%"
"27.01.2021","3.023,40","3.051,00","3.074,40","2.952,00","333,55K","-0,87%"
"26.01.2021","3.049,80","3.124,60","3.140,00","3.013,80","573,14K","-2,00%"
"25.01.2021","3.112,00","3.088,40","3.189,60","3.012,00","605,31K","1,53%"
"22.01.2021","3.065,00","2.999,40","3.105,00","2.942,00","543,63K","2,17%"
"21.01.2021","3.000,00","3.170,00","3.170,00","2.935,00","803,69K","-5,40%"
"20.01.2021","3.171,40","3.278,80","3.367,00","3.106,00","952,17K","-2,60%"
"19.01.2021","3.256,20","3.456,60","3.511,60","3.203,00","740,13K","-5,61%"
"18.01.2021","3.449,80","3.290,00","3.564,00","3.165,80","912,01K","6,15%"
"15.01.2021","3.250,00","3.005,00","3.384,80","2.980,60","682,28K","8,04%"
"14.01.2021","3.008,20","2.880,00","3.048,00","2.858,40","331,59K","4,38%"
"13.01.2021","2.882,00","2.919,80","2.955,40","2.844,80","168,40K","-1,04%"
"12.01.2021","2.912,20","3.025,00","3.025,00","2.808,00","426,58K","-1,95%"
"11.01.2021","2.970,00","2.900,00","3.112,00","2.855,20","757,14K","1,54%"
"08.01.2021","2.925,00","2.598,80","2.954,80","2.566,00","796,30K","18,43%"
"06.01.2021","2.469,80","2.429,00","2.499,00","2.425,00","213,36K","0,64%"
"05.01.2021","2.454,00","2.461,40","2.514,00","2.420,40","229,72K","-0,77%"
"04.01.2021","2.473,00","2.395,20","2.515,80","2.376,20","301,69K","4,77%"
"30.12.2020","2.360,40","2.357,60","2.406,00","2.342,00","150,44K","0,01%"
"29.12.2020","2.360,20","2.373,20","2.399,00","2.332,60","136,64K","-0,21%"
"28.12.2020","2.365,20","2.335,40","2.370,00","2.330,40","90,23K","0,94%"
"25.12.2020","2.343,20","2.354,00","2.362,60","2.325,20","61,53K","-0,50%"
"24.12.2020","2.355,00","2.396,80","2.396,80","2.345,00","65,55K","-0,48%"
"23.12.2020","2.366,40","2.398,40","2.398,40","2.343,20","73,36K","-0,42%"
"22.12.2020","2.376,40","2.359,60","2.420,00","2.334,20","180,42K","-0,24%"
"21.12.2020","2.382,20","2.444,60","2.451,80","2.310,00","296,83K","-1,97%"
"18.12.2020","2.430,00","2.469,80","2.469,80","2.370,20","223,75K","-0,65%"
"17.12.2020","2.446,00","2.430,00","2.479,00","2.401,00","346,31K","0,95%"
"16.12.2020","2.423,00","2.380,00","2.448,40","2.351,40","280,48K","1,64%"
"15.12.2020","2.383,80","2.300,20","2.398,60","2.270,00","248,32K","3,27%"
"14.12.2020","2.308,40","2.297,80","2.330,00","2.273,80","303,83K","1,78%"
"11.12.2020","2.268,00","2.297,00","2.359,20","2.235,40","990,74K","-0,16%"
"10.12.2020","2.271,60","2.441,00","2.493,80","2.244,00","457,35K","-7,53%"
"09.12.2020","2.456,60","2.360,00","2.503,60","2.339,20","282,90K","4,23%"
"08.12.2020","2.357,00","2.410,00","2.410,00","2.311,40","167,95K","-1,26%"
"07.12.2020","2.387,00","2.414,00","2.451,00","2.370,80","185,70K","-2,17%"
"04.12.2020","2.440,00","2.360,00","2.447,60","2.325,00","152,34K","3,03%"
"03.12.2020","2.368,20","2.465,00","2.473,20","2.351,00","329,06K","-3,17%"
"02.12.2020","2.445,80","2.390,00","2.489,00","2.360,20","218,23K","3,07%"
"01.12.2020","2.373,00","2.376,00","2.395,20","2.321,60","164,10K","0,55%"
"30.11.2020","2.360,00","2.289,80","2.361,20","2.270,00","326,70K","3,07%"
"27.11.2020","2.289,80","2.227,40","2.319,60","2.227,40","208,56K","2,04%"
"26.11.2020","2.244,00","2.300,00","2.304,40","2.202,80","197,59K","-2,63%"
"25.11.2020","2.304,60","2.212,60","2.344,60","2.174,00","3,14M","4,70%"
"24.11.2020","2.201,20","2.185,00","2.215,00","2.170,00","156,18K","-0,82%"
"23.11.2020","2.219,40","2.257,00","2.291,60","2.165,00","292,74K","-1,93%"
"20.11.2020","2.263,00","2.260,00","2.285,00","2.226,20","99,04K","0,09%"
"19.11.2020","2.261,00","2.323,00","2.330,00","2.260,00","136,97K","-1,70%"
"18.11.2020","2.300,00","2.293,80","2.331,80","2.265,00","233,02K","0,68%"
"17.11.2020","2.284,40","2.300,00","2.363,00","2.252,00","213,57K","-0,67%"
"16.11.2020","2.299,80","2.350,00","2.462,20","2.273,80","308,32K","-1,62%"
"13.11.2020","2.337,60","2.256,00","2.338,00","2.252,60","248,07K","4,04%"
"12.11.2020","2.246,80","2.290,00","2.366,00","2.210,00","320,28K","-1,41%"
"11.11.2020","2.279,00","2.082,40","2.297,60","2.070,00","430,71K","5,59%"
"10.11.2020","2.158,40","2.100,40","2.172,40","2.100,40","271,36K","1,05%"
"09.11.2020","2.136,00","2.165,00","2.220,20","2.111,00","356,03K","-0,41%"
"06.11.2020","2.144,80","2.080,00","2.174,80","2.050,80","268,03K","2,71%"
"05.11.2020","2.088,20","2.020,00","2.125,60","2.010,00","493,26K","4,98%"
"03.11.2020","1.989,20","1.948,20","2.021,00","1.935,00","209,59K","2,19%"
"02.11.2020","1.946,60","1.872,20","1.980,00","1.834,20","236,39K","3,97%"
"30.10.2020","1.872,20","1.874,60","1.899,80","1.807,00","165,71K","-0,99%"
"29.10.2020","1.891,00","1.929,20","1.984,80","1.851,00","234,71K","-2,37%"
"28.10.2020","1.937,00","1.954,00","2.050,00","1.859,00","1,02M","-1,42%"
"27.10.2020","1.965,00","1.858,20","2.000,00","1.839,20","584,31K","4,64%"
"26.10.2020","1.877,80","1.821,80","1.898,00","1.796,20","491,18K","3,07%"
"23.10.2020","1.821,80","1.800,00","1.838,20","1.791,20","136,99K","0,91%"
"22.10.2020","1.805,40","1.739,80","1.812,00","1.710,40","332,21K","3,77%"
"21.10.2020","1.739,80","1.686,00","1.757,00","1.680,40","373,03K","2,22%"
"20.10.2020","1.702,00","1.750,80","1.835,20","1.653,00","609,79K","-3,66%"
"19.10.2020","1.766,60","1.800,00","1.839,40","1.750,00","261,58K","-3,34%"
"16.10.2020","1.827,60","1.874,00","1.878,20","1.754,80","691,20K","-3,23%"
"15.10.2020","1.888,60","1.931,00","1.931,00","1.850,20","198,50K","-0,88%"
"14.10.2020","1.905,40","1.860,20","1.957,00","1.830,20","498,80K","2,64%"
"13.10.2020","1.856,40","1.881,20","1.909,40","1.840,60","407,63K","-2,19%"
"12.10.2020","1.898,00","1.980,20","2.019,00","1.871,80","698,85K","-4,42%"
"09.10.2020","1.985,80","1.926,00","2.002,00","1.910,00","236,69K","2,94%"
"08.10.2020","1.929,00","1.950,20","1.959,00","1.924,80","206,24K","-1,37%"
"07.10.2020","1.955,80","2.004,00","2.005,00","1.945,00","135,64K","-1,47%"
"06.10.2020","1.985,00","2.010,00","2.041,00","1.980,00","171,07K","-0,99%"
"05.10.2020","2.004,80","2.002,20","2.099,60","1.981,20","98,48K","-0,31%"
"02.10.2020","2.011,00","1.999,80","2.030,00","1.986,80","97,38K","0,25%"
"01.10.2020","2.006,00","2.078,80","2.078,80","1.985,40","247,03K","-1,92%"
"30.09.2020","2.045,20","2.068,00","2.068,00","2.023,20","171,05K","-1,40%"
"29.09.2020","2.074,20","2.083,80","2.088,20","2.036,00","130,27K","0,20%"
"28.09.2020","2.070,00","2.028,40","2.085,00","2.015,80","307,09K","2,05%"
"25.09.2020","2.028,40","2.049,00","2.055,00","1.965,60","463,63K","0,12%"
"24.09.2020","2.026,00","2.105,00","2.117,40","2.014,40","425,49K","-2,75%"
"23.09.2020","2.083,20","2.163,40","2.165,00","2.058,40","1,38M","-3,78%"
"22.09.2020","2.165,00","1.937,40","2.195,00","1.937,40","850,64K","10,79%"
"21.09.2020","1.954,20","1.938,00","1.995,00","1.910,00","278,40K","-0,41%"
"18.09.2020","1.962,20","1.974,40","2.014,00","1.922,00","237,50K","-0,05%"
"17.09.2020","1.963,20","1.967,80","1.997,60","1.818,00","329,48K","-0,24%"
"16.09.2020","1.968,00","1.946,80","1.988,00","1.907,80","266,11K","2,67%"
"15.09.2020","1.916,80","1.841,00","1.925,00","1.831,40","272,94K","4,71%"
"14.09.2020","1.830,60","1.840,00","1.857,00","1.792,40","127,88K","0,53%"
"11.09.2020","1.821,00","1.840,20","1.859,80","1.803,60","140,82K","-1,00%"
"10.09.2020","1.839,40","1.827,20","1.859,60","1.812,40","93,63K","0,98%"
"09.09.2020","1.821,60","1.830,00","1.858,40","1.800,00","212,70K","-1,27%"
"08.09.2020","1.845,00","1.900,00","1.919,80","1.804,00","292,79K","-2,29%"
"07.09.2020","1.888,20","1.793,20","1.905,40","1.774,00","246,36K","4,90%"
"04.09.2020","1.800,00","1.770,20","1.820,00","1.721,40","181,16K","0,67%"
"03.09.2020","1.788,00","1.848,80","1.866,00","1.781,00","233,13K","-2,60%"
"02.09.2020","1.835,80","1.807,40","1.869,60","1.773,00","237,29K","1,13%"
"01.09.2020","1.815,20","1.878,00","1.878,00","1.795,60","335,86K","-4,13%"
"31.08.2020","1.893,40","1.884,40","1.950,40","1.851,60","266,46K","0,93%"
"28.08.2020","1.876,00","1.930,00","1.930,00","1.821,00","194,64K","-1,00%"
"27.08.2020","1.895,00","1.984,80","1.989,20","1.870,00","256,45K","-4,35%"
"26.08.2020","1.981,20","2.040,00","2.050,00","1.960,80","200,74K","-0,94%"
"25.08.2020","2.000,00","1.923,20","2.000,00","1.923,20","212,78K","4,01%"
"24.08.2020","1.922,80","1.895,20","1.930,00","1.883,40","122,73K","1,63%"
"21.08.2020","1.892,00","1.827,60","1.900,00","1.824,60","264,75K","3,73%"
"20.08.2020","1.824,00","1.819,00","1.845,00","1.776,60","268,41K","1,11%"
"19.08.2020","1.804,00","1.770,20","1.855,00","1.751,60","338,53K","1,85%"
"18.08.2020","1.771,20","1.828,60","1.834,60","1.750,00","151,72K","-0,96%"
"17.08.2020","1.788,40","1.703,20","1.799,00","1.702,40","419,87K","3,94%"
"14.08.2020","1.720,60","1.751,40","1.762,20","1.690,80","316,81K","-2,79%"
"13.08.2020","1.770,00","1.818,00","1.818,00","1.751,00","268,71K","-2,96%"
"12.08.2020","1.824,00","1.804,00","1.848,80","1.757,00","227,31K","1,33%"
"11.08.2020","1.800,00","1.878,00","1.888,00","1.790,00","278,37K","-3,03%"
"10.08.2020","1.856,20","1.937,00","1.944,20","1.801,00","377,35K","-3,27%"
"07.08.2020","1.919,00","1.964,00","1.964,00","1.905,20","126,16K","-1,25%"
"06.08.2020","1.943,20","1.952,00","1.996,20","1.904,60","282,19K","-0,42%"
"05.08.2020","1.951,40","1.876,80","1.952,80","1.867,20","162,77K","3,58%"
"04.08.2020","1.884,00","1.889,60","1.893,80","1.875,00","81,90K","0,26%"
"03.08.2020","1.879,20","1.897,00","1.904,20","1.840,20","250,54K","0,49%"
"31.07.2020","1.870,00","1.779,80","1.875,00","1.770,40","188,42K","5,16%"
"30.07.2020","1.778,20","1.820,00","1.828,40","1.725,00","186,55K","-2,19%"
"29.07.2020","1.818,00","1.808,00","1.844,00","1.794,00","187,62K","0,74%"
"28.07.2020","1.804,60","1.832,00","1.909,60","1.800,80","330,98K","-1,50%"
"27.07.2020","1.832,00","1.787,60","1.845,40","1.752,20","200,88K","3,16%"
"24.07.2020","1.775,80","1.721,20","1.782,00","1.711,80","100,44K","1,13%"
"23.07.2020","1.756,00","1.793,60","1.794,00","1.706,80","233,97K","-0,79%"
"22.07.2020","1.770,00","1.729,80","1.785,00","1.724,40","181,47K","2,75%"
"21.07.2020","1.722,60","1.650,20","1.750,00","1.640,00","186,24K","3,70%"
"20.07.2020","1.661,20","1.664,80","1.672,00","1.632,20","131,53K","0,33%"
"17.07.2020","1.655,80","1.625,00","1.682,60","1.605,20","219,81K","2,48%"
"16.07.2020","1.615,80","1.583,00","1.617,00","1.570,40","105,26K","2,07%"
"15.07.2020","1.583,00","1.543,00","1.585,00","1.536,20","108,76K","3,36%"
"14.07.2020","1.531,60","1.522,60","1.554,80","1.508,00","154,32K","-0,58%"
"13.07.2020","1.540,60","1.509,80","1.551,20","1.500,00","128,37K","2,41%"
"10.07.2020","1.504,40","1.460,20","1.507,80","1.445,00","116,21K","2,33%"
"09.07.2020","1.470,20","1.463,00","1.489,00","1.452,20","68,82K","0,70%"
"08.07.2020","1.460,00","1.472,00","1.496,40","1.436,00","74,08K","-2,01%"
"07.07.2020","1.490,00","1.480,40","1.516,80","1.480,40","121,23K","-0,92%"
"06.07.2020","1.503,80","1.481,00","1.515,00","1.456,00","171,62K","3,28%"
"03.07.2020","1.456,00","1.426,20","1.472,60","1.426,20","74,89K","0,62%"
"02.07.2020","1.447,00","1.440,20","1.447,20","1.402,00","163,77K","0,65%"
"30.06.2020","1.437,60","1.469,80","1.488,80","1.407,60","270,58K","-1,40%"
"29.06.2020","1.458,00","1.450,00","1.479,00","1.413,60","285,58K","-0,29%"
"26.06.2020","1.462,20","1.457,60","1.507,80","1.453,00","249,77K","0,33%"
"25.06.2020","1.457,40","1.420,00","1.476,40","1.410,40","328,28K","1,48%"
"23.06.2020","1.436,20","1.380,00","1.456,80","1.374,00","394,28K","4,69%"
"22.06.2020","1.371,80","1.336,00","1.378,40","1.250,00","263,70K","2,73%"
"19.06.2020","1.335,40","1.344,00","1.355,20","1.329,60","106,13K","0,03%"
"18.06.2020","1.335,00","1.308,20","1.336,80","1.306,00","201,52K","1,94%"
"17.06.2020","1.309,60","1.319,60","1.328,00","1.296,40","205,31K","-0,24%"
"16.06.2020","1.312,80","1.239,20","1.330,00","1.235,40","737,10K","5,02%"
"15.06.2020","1.250,00","1.180,20","1.278,80","1.139,80","347,98K","3,73%"
"11.06.2020","1.205,00","1.197,60","1.212,80","1.172,20","237,64K","-0,51%"
"10.06.2020","1.211,20","1.205,20","1.224,00","1.191,00","156,40K","-0,23%"
"09.06.2020","1.214,00","1.256,00","1.259,40","1.180,00","336,13K","-2,63%"
"08.06.2020","1.246,80","1.230,00","1.262,40","1.216,40","268,50K","2,00%"
"05.06.2020","1.222,40","1.217,00","1.229,00","1.206,00","158,48K","0,61%"
"04.06.2020","1.215,00","1.242,80","1.250,00","1.209,00","278,03K","-1,67%"
"03.06.2020","1.235,60","1.259,00","1.276,80","1.231,00","343,39K","-1,83%"
"02.06.2020","1.258,60","1.212,00","1.261,20","1.176,00","469,75K","4,55%"
"01.06.2020","1.203,80","1.259,80","1.268,60","1.186,00","434,55K","-3,93%"
"29.05.2020","1.253,00","1.273,00","1.279,80","1.202,20","2,33M","-1,59%"
"28.05.2020","1.273,20","1.249,80","1.293,80","1.249,80","600,49K","2,20%"
"27.05.2020","1.245,80","1.222,00","1.277,80","1.211,00","493,56K","2,01%"
"26.05.2020","1.221,20","1.226,00","1.231,00","1.201,00","422,16K","0,64%"
"25.05.2020","1.213,40","1.199,00","1.232,20","1.184,80","281,30K","2,43%"
"22.05.2020","1.184,60","1.154,20","1.186,40","1.137,00","356,58K","1,49%"
"21.05.2020","1.167,20","1.147,60","1.178,60","1.133,20","588,04K","2,01%"
"20.05.2020","1.144,20","1.108,40","1.150,60","1.092,00","472,12K","3,75%"
"19.05.2020","1.102,80","1.090,00","1.102,80","1.065,60","396,64K","1,92%"
"18.05.2020","1.082,00","1.080,00","1.092,40","1.073,00","447,59K","1,12%"
"15.05.2020","1.070,00","1.084,00","1.084,60","1.050,20","407,60K","1,94%"
"14.05.2020","1.049,60","1.047,80","1.064,20","1.030,00","406,75K","0,85%"
"13.05.2020","1.040,80","1.043,20","1.071,80","1.009,00","664,42K","-0,21%"
"12.05.2020","1.043,00","1.044,60","1.048,60","1.025,40","234,47K","0,44%"
"08.05.2020","1.038,40","1.049,60","1.049,60","1.027,00","146,97K","0,17%"
"07.05.2020","1.036,60","1.017,60","1.048,80","1.013,20","333,71K","2,15%"
"06.05.2020","1.014,80","1.029,60","1.038,80","1.011,20","204,17K","-0,90%"
"05.05.2020","1.024,00","1.030,00","1.037,80","1.013,40","160,67K","0,39%"
"04.05.2020","1.020,00","1.006,00","1.025,40","994,80","287,28K","-0,49%"
"30.04.2020","1.025,00","1.034,80","1.037,80","987,00","659,98K","0,00%"
"29.04.2020","1.025,00","1.000,20","1.031,80","989,60","672,31K","2,60%"
"28.04.2020","999,00","940,00","1.004,60","936,00","1,03M","6,28%"
"27.04.2020","940,00","930,80","946,00","874,20","689,19K","3,98%"
"24.04.2020","904,00","856,20","927,40","854,60","712,36K","3,31%"
"23.04.2020","875,00","869,00","882,20","851,20","778,28K","1,98%"
"22.04.2020","858,00","836,20","860,60","833,20","491,98K","1,78%"
"21.04.2020","843,00","861,00","867,00","830,00","828,53K","-3,66%"
"20.04.2020","875,00","904,00","905,00","865,00","373,14K","-2,23%"
"17.04.2020","895,00","915,00","922,80","877,80","504,35K","0,45%"
"16.04.2020","891,00","930,00","930,00","891,00","576,38K","-2,43%"
"15.04.2020","913,20","941,40","948,80","908,20","483,47K","-2,85%"
"14.04.2020","940,00","925,00","955,00","919,20","606,79K","3,02%"
"13.04.2020","912,40","936,00","945,60","909,80","354,30K","-3,00%"
"10.04.2020","940,60","939,00","941,80","916,00","230,70K","1,03%"
"09.04.2020","931,00","980,00","1.002,00","920,00","1,03M","-2,92%"
"08.04.2020","959,00","940,40","967,00","915,00","862,20K","0,29%"
"07.04.2020","956,20","969,00","1.038,00","938,60","1,52M","0,65%"
"06.04.2020","950,00","870,20","958,60","864,60","845,46K","10,21%"
"03.04.2020","862,00","840,00","868,60","830,20","593,02K","3,23%"
"02.04.2020","835,00","879,00","886,00","818,00","912,61K","-3,00%"
"01.04.2020","860,80","878,00","898,80","860,00","364,09K","-4,36%"
"31.03.2020","900,00","855,00","918,00","835,00","767,23K","8,20%"
"30.03.2020","831,80","882,00","882,00","824,40","597,95K","-5,69%"
"27.03.2020","882,00","939,00","970,00","882,00","202,42K","-6,17%"
"26.03.2020","940,00","955,00","975,00","913,60","343,30K","-2,12%"
"25.03.2020","960,40","996,00","1.030,00","936,20","406,14K","0,92%"
"24.03.2020","951,60","972,00","1.010,00","934,60","302,92K","2,96%"
"23.03.2020","924,20","945,00","966,00","890,40","432,35K","-6,36%"
"20.03.2020","987,00","980,40","1.021,60","958,00","333,01K","5,67%"
"19.03.2020","934,00","894,00","945,00","810,00","426,63K","6,89%"
"18.03.2020","873,80","939,80","939,80","851,40","469,83K","-6,51%"
"17.03.2020","934,60","1.000,20","1.029,00","920,00","307,97K","-7,54%"
"16.03.2020","1.010,80","1.017,20","1.057,00","956,00","428,44K","-3,27%"
"13.03.2020","1.045,00","989,00","1.088,00","910,40","458,03K","8,79%"
"12.03.2020","960,60","1.083,00","1.145,40","960,60","593,34K","-17,70%"
"11.03.2020","1.167,20","1.157,80","1.250,00","1.125,00","846,02K","3,20%"
"10.03.2020","1.131,00","1.005,00","1.220,20","952,00","626,35K","1,29%"
"06.03.2020","1.116,60","1.400,40","1.427,20","1.053,40","899,77K","-24,66%"
"05.03.2020","1.482,00","1.524,00","1.524,00","1.432,20","197,02K","1,90%"
"04.03.2020","1.454,40","1.401,40","1.462,40","1.345,80","203,07K","2,45%"
"03.03.2020","1.419,60","1.420,00","1.441,60","1.375,00","244,01K","-1,24%"
"02.03.2020","1.437,40","1.448,60","1.514,20","1.371,00","459,64K","-2,50%"
"28.02.2020","1.474,20","1.500,00","1.530,00","1.361,00","416,14K","-4,95%"
"27.02.2020","1.551,00","1.573,00","1.615,80","1.530,00","190,78K","-2,77%"
"26.02.2020","1.595,20","1.567,00","1.602,00","1.511,20","343,06K","0,29%"
"25.02.2020","1.590,60","1.580,00","1.614,80","1.551,00","151,92K","-2,51%"
"21.02.2020","1.631,60","1.641,80","1.659,00","1.611,20","72,20K","-0,78%"
"20.02.2020","1.644,40","1.628,00","1.663,80","1.619,20","89,19K","1,21%"
"19.02.2020","1.624,80","1.615,80","1.624,80","1.600,20","54,88K","1,30%"
"18.02.2020","1.604,00","1.601,00","1.636,00","1.590,20","89,95K","-0,39%"
"17.02.2020","1.610,20","1.638,80","1.639,40","1.600,00","128,86K","-2,41%"
"14.02.2020","1.650,00","1.665,80","1.673,60","1.615,20","89,67K","-0,47%"
"13.02.2020","1.657,80","1.671,00","1.680,00","1.652,20","72,84K","-0,83%"
"12.02.2020","1.671,60","1.699,60","1.699,60","1.648,00","95,96K","-0,78%"
"11.02.2020","1.684,80","1.690,00","1.698,00","1.654,20","182,80K","0,85%"
"10.02.2020","1.670,60","1.673,60","1.699,80","1.661,00","176,48K","0,52%"
"07.02.2020","1.662,00","1.650,00","1.670,00","1.638,80","139,80K","1,02%"
"06.02.2020","1.645,20","1.660,00","1.676,80","1.632,40","218,75K","0,61%"
"05.02.2020","1.635,20","1.609,60","1.656,60","1.592,60","356,18K","2,82%"
"04.02.2020","1.590,40","1.567,00","1.616,80","1.545,40","215,60K","2,94%"
"03.02.2020","1.545,00","1.520,40","1.565,00","1.484,20","198,89K","1,98%"
"31.01.2020","1.515,00","1.490,00","1.527,80","1.470,00","91,16K","1,94%"
"30.01.2020","1.486,20","1.477,60","1.487,20","1.444,00","50,91K","1,24%"
"29.01.2020","1.468,00","1.473,20","1.476,80","1.428,40","230,03K","1,24%"
"28.01.2020","1.450,00","1.391,20","1.456,60","1.391,20","185,65K","3,63%"
"27.01.2020","1.399,20","1.427,60","1.439,20","1.386,00","249,09K","-2,66%"
"24.01.2020","1.437,40","1.438,40","1.467,80","1.426,20","247,02K","0,07%"
"23.01.2020","1.436,40","1.440,00","1.458,40","1.420,20","335,09K","-0,58%"
"22.01.2020","1.444,80","1.460,60","1.467,60","1.442,80","346,41K","-0,22%"
"21.01.2020","1.448,00","1.472,00","1.472,60","1.437,20","290,70K","-1,71%"
"20.01.2020","1.473,20","1.490,00","1.490,00","1.451,80","171,56K","0,55%"
"17.01.2020","1.465,20","1.451,00","1.467,00","1.444,40","173,43K","0,91%"
"16.01.2020","1.452,00","1.470,00","1.490,20","1.441,20","696,39K","-0,12%"
"15.01.2020","1.453,80","1.437,40","1.473,20","1.414,80","439,15K","1,92%"
"14.01.2020","1.426,40","1.440,80","1.450,00","1.405,20","405,08K","0,00%"
"13.01.2020","1.426,40","1.384,60","1.434,40","1.384,40","309,45K","2,00%"
"10.01.2020","1.398,40","1.355,20","1.401,00","1.355,00","73,35K","2,31%"
"09.01.2020","1.366,80","1.350,20","1.368,00","1.333,80","65,03K","1,23%"
"08.01.2020","1.350,20","1.315,20","1.350,20","1.312,40","69,11K","2,07%"
"06.01.2020","1.322,80","1.340,00","1.349,40","1.312,00","54,39K","-0,72%"
"03.01.2020","1.332,40","1.317,20","1.353,00","1.317,20","86,04K","1,62%"
"30.12.2019","1.311,20","1.317,00","1.335,80","1.301,40","38,12K","0,20%"
"27.12.2019","1.308,60","1.319,80","1.339,00","1.295,20","65,86K","0,28%"
"26.12.2019","1.305,00","1.301,00","1.310,00","1.281,00","25,84K","-0,67%"
"25.12.2019","1.313,80","1.313,00","1.346,00","1.300,00","36,18K","0,29%"
"24.12.2019","1.310,00","1.302,00","1.310,00","1.300,00","42,68K","0,41%"
"23.12.2019","1.304,60","1.285,60","1.309,60","1.285,60","56,85K","1,48%"
"20.12.2019","1.285,60","1.333,80","1.333,80","1.285,00","183,51K","-4,06%"
"19.12.2019","1.340,00","1.325,80","1.340,00","1.317,40","200,15K","1,33%"
"18.12.2019","1.322,40","1.308,80","1.327,60","1.301,40","117,31K","1,75%"
"17.12.2019","1.299,60","1.304,80","1.314,00","1.290,80","90,45K","-0,03%"
"16.12.2019","1.300,00","1.266,00","1.305,00","1.251,00","244,47K","3,40%"
"13.12.2019","1.257,20","1.249,00","1.257,80","1.204,40","92,56K","1,80%"
"12.12.2019","1.235,00","1.244,00","1.245,00","1.224,20","176,04K","0,02%"
"11.12.2019","1.234,80","1.243,00","1.264,80","1.219,00","102,81K","-0,32%"
"10.12.2019","1.238,80","1.230,00","1.248,00","1.221,00","158,24K","0,85%"
"09.12.2019","1.228,40","1.207,80","1.230,00","1.180,40","89,71K","3,56%"
"06.12.2019","1.186,20","1.169,80","1.192,00","1.167,00","125,11K","1,58%"
"05.12.2019","1.167,80","1.144,60","1.174,20","1.137,20","72,01K","2,44%"
"04.12.2019","1.140,00","1.135,00","1.140,00","1.126,60","34,01K","0,62%"
"03.12.2019","1.133,00","1.161,00","1.179,80","1.130,00","127,20K","-3,69%"
"02.12.2019","1.176,40","1.177,00","1.199,60","1.174,80","62,36K","-0,79%"
"29.11.2019","1.185,80","1.204,60","1.205,00","1.174,60","87,85K","-0,70%"
"28.11.2019","1.194,20","1.207,60","1.207,60","1.191,00","117,22K","-0,73%"
"27.11.2019","1.203,00","1.208,00","1.208,20","1.199,80","70,64K","0,30%"
"26.11.2019","1.199,40","1.207,20","1.212,00","1.197,00","128,23K","-0,55%"
"25.11.2019","1.206,00","1.209,20","1.220,20","1.200,80","52,07K","0,33%"
"22.11.2019","1.202,00","1.219,40","1.219,60","1.196,40","80,22K","-0,73%"
"21.11.2019","1.210,80","1.219,80","1.221,40","1.206,00","63,45K","-0,41%"
"20.11.2019","1.215,80","1.250,00","1.252,00","1.215,00","126,02K","-2,03%"
"19.11.2019","1.241,00","1.274,00","1.274,00","1.235,60","128,52K","-1,12%"
"18.11.2019","1.255,00","1.274,80","1.275,80","1.250,20","43,93K","0,40%"
"15.11.2019","1.250,00","1.276,00","1.312,40","1.249,20","33,71K","-0,89%"
"14.11.2019","1.261,20","1.248,60","1.276,40","1.235,20","84,60K","1,76%"
"13.11.2019","1.239,40","1.248,60","1.248,60","1.231,60","33,64K","0,31%"
"12.11.2019","1.235,60","1.228,00","1.242,00","1.223,40","27,39K","1,11%"
"11.11.2019","1.222,00","1.229,80","1.230,00","1.216,20","7,09K","-0,07%"
"08.11.2019","1.222,80","1.226,20","1.251,20","1.216,00","20,25K","-0,24%"
"07.11.2019","1.225,80","1.220,00","1.225,80","1.201,20","38,22K","1,42%"
"06.11.2019","1.208,60","1.209,80","1.214,00","1.190,00","21,72K","0,88%"
"05.11.2019","1.198,00","1.217,80","1.220,00","1.197,40","61,35K","-1,32%"
"01.11.2019","1.214,00","1.218,40","1.219,00","1.212,60","16,63K","-0,16%"
"31.10.2019","1.216,00","1.221,40","1.223,80","1.210,20","19,33K","-0,08%"
"30.10.2019","1.217,00","1.225,00","1.227,00","1.212,80","36,69K","-0,23%"
"29.10.2019","1.219,80","1.202,00","1.226,00","1.200,20","68,38K","1,14%"